{
  "attrazione": [
    {
      "id": 1,
      "attractionName": "Colosseo",
      "city": "Roma",
      "address": "Piazza del Colosseo, 1, 00184 Roma RM",
      "interestType": "Storico, Paesaggistico",
      "distanceFromHome": "150 km",
      "imageAttraction": "./assets/colosseo.jpg",
      "numberPeoplePresent": ["Ultima ora: 50", "Minimo all'ora: 25", " Media all'ora: 25", "Massimo all'ora: 50"],
      "numberPeopleEntry": ["Ultima ora: 10", "Minimo all'ora: 5", "Media all'ora: 20", "Massimo all'ora: 25"],
      "numberPeopleExit": ["Ultima ora: 10", "Minimo all'ora: 5", "Media all'ora: 20", "Massimo all'ora: 25"],
      "stay": ["Ingresso ore 09:00 - 10", "Ingresso ore 11:00 - 10", "Ingresso ore 13:00 - 10", "Ingresso ore 15:00 - 10"],
      "dogsAllowed": "./assets/yes.png"
    },
    {
      "id": 2,
      "attractionName": "Piazza San Marco",
      "city": "Venezia",
      "address": "P.za San Marco, 30100 Venezia VE",
      "interestType": "Storico, Paesaggistico",
      "distanceFromHome": "50 km",
      "imageAttraction": "./assets/piazza san marco.jpg",
      "numberPeoplePresent": ["Ultima ora: 50", "Minimo all'ora: 25", " Media all'ora: 25", "Massimo all'ora: 50"],
      "numberPeopleEntry": ["Ultima ora: 10", "Minimo all'ora: 5", "Media all'ora: 20", "Massimo all'ora: 25"],
      "numberPeopleExit": ["Ultima ora: 10", "Minimo all'ora: 5", "Media all'ora: 20", "Massimo all'ora: 25"],
      "stay": ["Ingresso ore 09:00 - 10", "Ingresso ore 11:00 - 10", "Ingresso ore 13:00 - 10", "Ingresso ore 15:00 - 10"],
      "dogsAllowed": "./assets/yes.png"
    },
    {
      "id": 3,
      "attractionName": "Galleria degli Uffizi",
      "city": "Firenze",
      "address": "Piazzale degli Uffizi, 6, 50122 Firenze FI",
      "interestType": "Storico, Artistico",
      "distanceFromHome": "50 km",
      "imageAttraction": "./assets/galleria uffizi.jpg",
      "numberPeoplePresent": ["Ultima ora: 50", "Minimo all'ora: 25", " Media all'ora: 25", "Massimo all'ora: 50"],
      "numberPeopleEntry": ["Ultima ora: 10", "Minimo all'ora: 5", "Media all'ora: 20", "Massimo all'ora: 25"],
      "numberPeopleExit": ["Ultima ora: 10", "Minimo all'ora: 5", "Media all'ora: 20", "Massimo all'ora: 25"],
      "stay": ["Ingresso ore 09:00 - 10", "Ingresso ore 11:00 - 10", "Ingresso ore 13:00 - 10", "Ingresso ore 15:00 - 10"],
      "dogsAllowed": "./assets/yes.png"
    },
    {
      "id": 4,
      "attractionName": "Cinque Terre",
      "city": "Varie",
      "address": "varie",
      "interestType": "Paesaggistico",
      "distanceFromHome": "50 km",
      "imageAttraction": "./assets/cinque terre.jpg",
      "numberPeoplePresent": ["Ultima ora: 50", "Minimo all'ora: 25", " Media all'ora: 25", "Massimo all'ora: 50"],
      "numberPeopleEntry": ["Ultima ora: 10", "Minimo all'ora: 5", "Media all'ora: 20", "Massimo all'ora: 25"],
      "numberPeopleExit": ["Ultima ora: 10", "Minimo all'ora: 5", "Media all'ora: 20", "Massimo all'ora: 25"],
      "stay": ["Ingresso ore 09:00 - 10", "Ingresso ore 11:00 - 10", "Ingresso ore 13:00 - 10", "Ingresso ore 15:00 - 10"],
      "dogsAllowed": "./assets/yes.png"
    },
    {
      "id": 5,
      "attractionName": "Costiera Amalfitana",
      "city": "Varie",
      "address": "84011 Amalfi SA",
      "interestType": "Paesaggistico",
      "distanceFromHome": "50 km",
      "imageAttraction": "./assets/costiera amalfitana.jpg",
      "numberPeoplePresent": ["Ultima ora: 50", "Minimo all'ora: 25", " Media all'ora: 25", "Massimo all'ora: 50"],
      "numberPeopleEntry": ["Ultima ora: 10", "Minimo all'ora: 5", "Media all'ora: 20", "Massimo all'ora: 25"],
      "numberPeopleExit": ["Ultima ora: 10", "Minimo all'ora: 5", "Media all'ora: 20", "Massimo all'ora: 25"],
      "stay": ["Ingresso ore 09:00 - 10", "Ingresso ore 11:00 - 10", "Ingresso ore 13:00 - 10", "Ingresso ore 15:00 - 10"],
      "dogsAllowed": "./assets/yes.png"
    }
  ],
  "openingTime":  [
    {
      "id": 1,
      "giornoAperture": ["Lunedi", "Martedì", "Mercoledì", "Giovedì", "Venerdì", "Sabato", "Domenica"],
      "orarioAperture": ["10 - 16", "09 - 15", "10 - 16", "09 - 15","10 - 16", "09 - 15","10 - 16"],
      "periodoDal": "01/01/2021",
      "periodoAl": "12/12/2021"
    }
  ],
  "biglietti": [
    {
      "idBiglietto":1,
      "descrizione": "1 Ingresso - Intero",
      "tipologia": "Pass Provinciale Giornaliero",
      "prezzo": 43
    },
    {
      "idBiglietto":2,
      "descrizione": "1 Ingresso - Ridotto",
      "tipologia": "Pass Provinciale Giornaliero",
      "prezzo": 35
    },
    {
      "idBiglietto":3,
      "descrizione": "1 Ingresso - Serale",
      "tipologia": "Pass Nazionale Settimanale",
      "prezzo": 22
    },
    {
      "idBiglietto":4,
      "descrizione": "2 Ingressi consecutivi - Interi",
      "tipologia": "Pass Nazionale Settimanale",
      "prezzo": 52
    },
    {
      "id":5,
      "descrizione": "2 Ingressi consecutivi - Ridotti",
      "prezzo": 46
    }
  ]
}